timestamp_ns,pos_x,pos_y,pos_z,quat_x,quat_y,quat_z,quat_w,l_vel_x,l_vel_y,l_vel_z,a_vel_x,a_vel_y,a_vel_z,steering,speed
1779487371235558912,16.09139633178711,10.379204750061035,0.036873459815979,0.0102354722136584,0.0154599621402104,0.7695699035183239,0.6382933403052115,0.1655263873499625,-0.4503222434797209,0.0757486360531606,-0.036186552349156,-0.0252809492230414,-0.2841423565428742,-0.4661444233124081,-0.3599656983550643
1779487371321045248,16.09449005126953,10.397435188293455,0.0312995314598083,0.0098947524856024,0.0137208698246484,0.7618520423689975,0.6475301515317191,0.0365591359050183,0.215432935252876,-0.0658682874953334,-0.0041506633366072,-0.0124612752472418,-0.2614801629560149,-0.4661444233124081,-0.3599656983550643
1779487371420661504,16.101848602294922,10.336341857910156,0.0304127931594848,0.0100551243615973,0.0132866553316023,0.753300992856392,0.657464807746959,0.0734413067792105,-0.6097360748552364,-0.0088500058397673,-0.0464268681555258,-0.0236766726740268,-0.2479439036227975,-0.4661444233124081,-0.3599656983550643
1779487371520187392,16.108108520507812,10.290204048156738,0.0310559272766113,0.0092556397129262,0.0108846205758227,0.7451134854743475,0.6667846368451316,0.0626333348337589,-0.4616298150399792,0.0064348499662577,-0.0389965397311264,0.0106179135056414,-0.2855350974840246,-0.4661444233124081,-0.3599656983550643
1779487371620282112,16.118450164794922,10.265400886535645,0.039247453212738,0.0074067355309581,0.0099184259818652,0.7355590267231066,0.6773475350962553,0.1035888146586745,-0.2484450287387318,0.0820517935457182,0.0188678036418071,0.0111163041867255,-0.2819948743866925,-0.4661444233124081,-0.3599656983550643
1779487371719829248,16.126678466796875,10.220349311828612,0.0385384559631347,0.0074969982931922,0.0111012788276093,0.7258552362764592,0.6877170439904984,0.0816527911166748,-0.4470651196513349,-0.0070356683931157,-0.0036466651566443,-0.0158273749765618,-0.2708229397371764,-0.4661444233124081,-0.3599656983550643
1779487371820199936,16.130828857421875,10.179852485656738,0.0278685688972473,0.0077956118873737,0.0105240214199718,0.7164529253692602,0.6975124938940397,0.0414187625282078,-0.4041374843744985,-0.1064799818896055,0.0119362274217537,0.027991855399049,-0.2673172753532426,-0.4661444233124081,-0.3599656983550643
1779487371920491264,16.14072608947754,10.136013984680176,0.0363553166389465,0.0070707048968634,0.0120250483675997,0.7071077366354916,0.7069682115443741,0.0993676288324044,-0.4401359763121959,0.0852064491211762,0.0051130544117532,0.0324342219711521,-0.2697908208565083,-0.4661444233124081,-0.3599656983550643
1779487372020502016,16.140031814575195,10.13988971710205,0.03422611951828,0.0059399164355463,0.0134490268124666,0.6974975960119038,0.7164362809267488,-0.0069306486653176,0.0386897749668281,-0.0212548619181384,0.021516824129545,0.0093856851476639,-0.2620806937713349,-0.4661444233124081,-0.3599656983550643
1779487372121792512,16.137998580932617,10.082721710205078,0.0359765887260437,0.0062073144717289,0.0146153717822846,0.6880122442445469,0.7255253351360631,-0.0202782955791679,-0.5701606137397868,0.017458166761521,0.0042358785572562,0.0291716123920027,-0.2569041415148065,-0.4661444233124081,-0.3599656983550643
1779487372221533952,16.144018173217773,10.02607536315918,0.0409084558486938,0.0051661461857278,0.0159016038190689,0.6786134585597435,0.7343052660788647,0.0600178474973826,-0.5647877226947929,0.049172773640248,-0.0263576319848955,0.007070815110155,-0.243603637670534,-0.4661444233124081,-0.3599656983550643
1779487372321846784,16.13982391357422,10.022051811218262,0.0330935716629028,0.0037600780011365,0.0153268269147273,0.6696132979094073,0.742542242201101,-0.0418117957585976,-0.0401100423614196,-0.077905129682544,-0.0267449223012715,0.0487130080240685,-0.2534967838935089,-0.4661444233124081,-0.3599656983550643
1779487372421875968,16.144044876098633,9.97420597076416,0.0372812151908874,0.0009434665164008,0.0162856928260839,0.6601812920827537,0.7509291229297561,0.0422365485096798,-0.4787635876029462,0.0419031460213028,0.0050368271356833,0.0401480935374544,-0.2622773403177387,-0.4661444233124081,-0.3599656983550643
1779487372521825024,16.13422966003418,9.932077407836914,0.0360066890716552,-0.0004067512765666,0.0179708477338544,0.6502702024053497,0.7594903205761288,-0.0981179998816323,-0.4211390055160425,-0.0127408253465613,-0.0023528155949868,-0.0234756687667478,-0.265841692091912,-0.4661444233124081,-0.3599656983550643
1779487372622344192,16.12815284729004,9.89371395111084,0.0449356436729431,3.0044441456680143e-05,0.0169920498163865,0.6400797968591974,0.7681205133265597,-0.0605298046521624,-0.3821300143977618,0.0889393668226998,-0.0194815493134468,-0.0437096962715317,-0.2695385528791397,-0.4661444233124081,-0.3599656983550643
1779487372722459904,16.119253158569336,9.84946632385254,0.0401169657707214,0.0004527387451843,0.0146830735444025,0.6296590752509675,0.7767326768798998,-0.0887789313793502,-0.44139263600597,-0.0480687682733617,-0.0166393759938996,0.0181427972356049,-0.2427943154344219,-0.4661444233124081,-0.3599656983550643
1779487372821423616,16.123010635375977,9.842435836791992,0.0351672172546386,-0.0009309174566801,0.0148666382411966,0.6202774946757608,0.7842409999858819,0.0379005796413002,-0.0709144855623516,-0.0499266788571145,0.0045788253043092,0.0230069543871955,-0.2528948603050145,-0.4661444233124081,-0.3599656983550643
1779487372921880320,16.1108455657959,9.799150466918944,0.0469492673873901,-0.00165431446395,0.0158999621293947,0.6102856866961974,0.7920200976374837,-0.1213955514864663,-0.4319458522160344,0.1175733902787404,0.0126906366761688,0.0324092547981566,-0.2673135430706594,-0.4661444233124081,-0.3599656983550643
1779487373021453568,16.09396743774414,9.7599458694458,0.0468987226486206,-0.0023488627003256,0.0175372010614692,0.5996959554234279,0.8000323058925349,-0.1697966919026326,-0.3944045772078949,-0.0005084882286608,-0.0186559213746558,0.0261504421555842,-0.2448508105048214,-0.4661444233124081,-0.3599656983550643
1779487373120780544,16.094669342041016,9.745973587036133,0.0448706746101379,-0.0040861875035028,0.0179917965243567,0.5899119821732,0.8072567445478537,0.0070494877324025,-0.1403288651731387,-0.0203684459999148,-0.033504179103888,0.0385682406605955,-0.2270127482124,-0.4661444233124081,-0.3599656983550643
1779487373220974336,16.08989906311035,9.689316749572754,0.0423027276992797,-0.0067668090654213,0.0185101417848697,0.580776748584952,0.8138242766403982,-0.0479373062789725,-0.569353744247797,-0.0258057147942944,-0.0299691442431963,0.0040198474922353,-0.2539915177577008,-0.4661444233124081,-0.3599656983550643
1779487373321364480,16.0736083984375,9.660897254943848,0.0514138936996459,-0.0083386378246259,0.0177154389384212,0.5704131228826615,0.821124533542689,-0.1627882931278589,-0.283988475307938,0.0910454663078259,0.0151119341559523,0.0097753319707694,-0.2676283513520647,-0.4661444233124081,-0.3599656983550643
1779487373421285120,16.061927795410156,9.639266967773438,0.0571585893630981,-0.0082328290338161,0.0184378256105713,0.5593066664306018,0.8287148604913163,-0.116280331545702,-0.2153293762073862,0.0571884101198907,-0.0006670851487649,-0.0593743412478489,-0.2807795501129711,-0.4661444233124081,-0.3599656983550643
1779487373521539584,16.05601692199707,9.59681224822998,0.0427474379539489,-0.0068574714816381,0.0158403835315306,0.5476349177596801,0.8365393321206127,-0.0590819629118128,-0.4243549117368783,-0.1440462438574459,0.0195637463378231,0.0020183157996234,-0.2740577497947829,-0.4661444233124081,-0.3599656983550643
1779487373623342336,16.044897079467773,9.55002212524414,0.0470237135887146,-0.0062969232296969,0.0163783487701766,0.5358091360732553,0.8441567793661515,-0.108434169398204,-0.4562697815766796,0.0416997268937861,0.0064664823544532,-0.0125886288055499,-0.2580346062232046,-0.4661444233124081,-0.3599656983550643
1779487373721831936,16.02043914794922,9.515161514282228,0.0530992150306701,-0.005903844790033,0.0159446377860035,0.5250457882731725,0.8509041270079558,-0.2485057861284352,-0.3542026244302746,0.0617303740838517,0.022384868139962,-0.0141075003650877,-0.2848693841673486,-0.4661444233124081,-0.3599656983550643
1779487373821792256,16.0221004486084,9.506157875061035,0.0592526793479919,-0.0048063902283378,0.0158462502019137,0.5128447813585918,0.8583216327232871,0.0165937631365701,-0.0899320997545116,0.0614633653377308,-0.0014167432634228,0.0045075904221703,-0.2829165739411088,-0.4661444233124081,-0.3599656983550643
1779487373922597120,16.005834579467773,9.461427688598633,0.0537464022636413,-0.0052090502054472,0.0159343520812605,0.5005722425898815,0.8655324327650838,-0.1616029201365236,-0.4443985555325614,-0.0547053740700195,0.0238329867734507,-0.0236003511279078,-0.2500827094869505,-0.4661444233124081,-0.3599656983550643
1779487374020981760,15.970056533813477,9.422115325927734,0.0477824211120605,-0.003800626744378,0.0154482463505167,0.4898106087902102,0.8716837009131277,-0.3615400098742886,-0.39725456570631,-0.0602665060374431,0.0143272948114653,-0.0270738470828034,-0.2667581572329796,-0.4661444233124081,-0.3599656983550643
1779487374124824576,15.974103927612305,9.408329963684082,0.0572944283485412,-0.0026837491648644,0.014538435927269,0.4777540444808221,0.8783692300811916,0.0392016226675342,-0.1335201356407181,0.0921299327491526,0.0124644539076831,0.0181719677196199,-0.2352699075331173,-0.4661444233124081,-0.3599656983550643
1779487374222201856,15.953412055969238,9.35919189453125,0.0587867498397827,-0.0027398177344157,0.0155751107047564,0.4676369119232111,0.8837791737375574,-0.2122228618389559,-0.5039767228765362,0.015305755956647,-0.0440309539071756,-0.0695910326068857,-0.2704088096287238,-0.4661444233124081,-0.3599656983550643
1779487374322396672,15.931864738464355,9.329039573669434,0.0619642734527587,-0.0032695521821963,0.0114246909610638,0.4556642716519696,0.8900723891936273,-0.2150954330533587,-0.3009946139173251,0.0317195315572567,-0.0283732084280531,0.0082106614085527,-0.2661172386496722,-0.4661444233124081,-0.3599656983550643
1779487374420977920,15.93045711517334,9.323038101196287,0.0576346516609191,-0.0048435081009915,0.0111047513406199,0.4439999710267069,0.8959448926441972,-0.0143221802642781,-0.0610633336064379,-0.0440527122381817,-0.0156344308491432,0.0128423991162216,-0.2390530687304251,-0.4661444233124081,-0.3599656983550643
1779487374520539648,15.909517288208008,9.28187370300293,0.0561745166778564,-0.0059634215514871,0.0112745888845219,0.4332449263457839,0.90118597139798,-0.2090098123767941,-0.4108803361767064,-0.0145742626889896,0.0140301291965285,-0.0190827117046692,-0.2520212224671452,-0.4661444233124081,-0.3599656983550643
1779487374620846592,15.892024993896484,9.239638328552246,0.0584091544151306,-0.0050591812980988,0.0106424204160285,0.4218486663949246,0.9065896790903284,-0.1748656431410815,-0.4222153929663655,0.0223390573104156,-0.0144336345072819,0.0030982984217021,-0.2803931423024849,-0.4661444233124081,-0.3599656983550643
1779487374721029120,15.847673416137695,9.21124267578125,0.0665031671524047,-0.0059289610404121,0.0104060498817313,0.4090824687467565,0.9124188157369943,-0.4427586249187615,-0.283471768308522,0.0808019495748441,0.0150735276794192,0.0158507401525348,-0.2731616288721348,-0.4661444233124081,-0.3599656983550643
1779487374821507584,15.844950675964355,9.20624542236328,0.0620521306991577,-0.0057075734020963,0.011353413682345,0.3965977213082102,0.9179045544373076,-0.027287617865476,-0.0500830534553745,-0.0446088036716788,-0.0230267273803225,-0.0160381511638759,-0.2491151844562052,-0.4661444233124081,-0.3599656983550643
1779487374921398272,15.816960334777832,9.174384117126465,0.0556226968765258,-0.0065915086079268,0.0100827126837547,0.3850963722153073,0.9227977432925472,-0.2785698423162221,-0.3170950549213855,-0.0639880148018872,-0.0446186444780814,-0.0163287959024172,-0.2648487928186401,-0.4661444233124081,-0.3599656983550643
1779487375024431104,15.783031463623049,9.139655113220217,0.0660532116889953,-0.0085253637987355,0.0083306186863866,0.3724991704766443,0.9279559725324328,-0.32933755342158,-0.3371042062399937,0.101245933399755,-0.0073813699437175,0.0120621747098534,-0.2607040187953519,-0.4661444233124081,-0.3599656983550643
1779487375121722368,15.724474906921388,9.08883285522461,0.0693054795265197,-0.0091820829414886,0.0086325639253176,0.3606989910447262,0.9325971295539396,-0.6018685984146901,-0.522372265567617,0.0334281589508916,0.0280832853391173,-0.0268872481143037,-0.2374174645015832,-0.4661444233124081,-0.3599656983550643
1779487375221608960,15.732179641723633,9.07566738128662,0.0575184822082519,-0.007491425966199,0.007776665223392,0.3496152556899982,0.9368311347323024,0.077134825084835,-0.131804215904957,-0.1180037989308808,0.017335564081406,-0.0448726275960159,-0.2749635690566089,-0.4661444233124081,-0.3599656983550643
1779487375323501568,15.706700325012209,9.05620288848877,0.0666027665138244,-0.005973904365409,0.0058392312418546,0.3364748688795183,0.9416553926238878,-0.2502076023774587,-0.1911418634024753,0.0892079258308055,-0.0056766791405559,-0.0513319785073575,-0.2651802821806737,-0.4661444233124081,-0.3599656983550643
1779487375425560832,15.66848850250244,9.027316093444824,0.0737452507019043,-0.0054456383123125,0.0032031545660262,0.323763174055879,0.9461170603838938,-0.3757323383914676,-0.2840404444913036,0.0702312035817047,-0.007744524968719,-0.0322629730931633,-0.2884131146531091,-0.4661444233124081,-0.3599656983550643
1779487375521374976,15.667608261108398,9.008219718933104,0.0611802339553833,-0.0053395129847632,0.0015378554210905,0.3106112915549873,0.9505207783948396,-0.0091464978732295,-0.1984284652367798,-0.1305617978510306,0.0058078603362703,-0.0523276095654006,-0.3472284983788186,-0.4661444233124081,-0.3599656983550643
1779487375621315328,15.641948699951172,8.983696937561035,0.0658591389656066,-0.0042777899824449,-0.0009492262823523,0.2940917236044382,0.9557671565761724,-0.2568487617113794,-0.2454697487046165,0.0468352108860049,0.0240295712690761,-0.0051658192388571,-0.2343988853477242,-0.4661444233124081,-0.3599656983550643
1779487375720621056,15.605640411376951,8.955824851989746,0.0651084184646606,-0.0030369855398677,-0.0008925844904843,0.2828257448874676,0.9591660847009796,-0.361586092879619,-0.2775718415239479,-0.0074762568945333,-0.0334205754110122,-0.0079318067896646,-0.2842505994007147,-0.4661444233124081,-0.3599656983550643
1779487375822040320,15.549712181091309,8.944022178649902,0.0709165334701538,-0.0045196712241457,-0.0017917278326716,0.2691174556465809,0.9630950925789776,-0.5573560802426674,-0.1176202378563091,0.0578811129286026,0.0473515734170096,0.0489897205145593,-0.2564093020730444,-0.4661444233124081,-0.3599656983550643
1779487375921962240,15.548158645629885,8.923189163208008,0.0663779377937316,-0.0028853884607569,0.001128703629442,0.2568156953989356,0.9664554305079508,-0.0156307899654559,-0.2096099489228889,-0.0456647675690471,-0.0192866921528992,-0.0224431591009974,-0.279638807926539,-0.4661444233124081,-0.3599656983550643
1779487376022206464,15.517828941345217,8.901501655578613,0.0678756237030029,-0.0035497425626418,-0.0002544617072468,0.2431776172308438,0.9699752476506336,-0.3009762988799345,-0.2152156089937613,0.014862260364502,0.0155011977610263,0.0091514353935107,-0.276088961442991,-0.4661444233124081,-0.3599656983550643
1779487376120958464,15.483375549316406,8.887031555175781,0.0704252123832702,-0.0029131510653329,0.0003218325294627,0.2299250769892699,0.9732039195082252,-0.3487307413177903,-0.1464636293634908,0.0258064561475289,-0.001326162364335,-0.0302311278541287,-0.2539074834149206,-0.4661444233124081,-0.3599656983550643
1779487376220918528,15.420222282409668,8.839266777038574,0.0763377547264099,-0.0026342132443147,-0.0012002333015603,0.2175656257329726,0.9760414022263736,-0.6320310128805517,-0.4780246942831191,0.0591720794325999,0.0388783371191241,-0.0681683511781359,-0.2706078656460166,-0.4661444233124081,-0.3599656983550643
1779487376321279232,15.439857482910156,8.85661506652832,0.066135287284851,3.816710550515645e-05,-0.0041583780312845,0.2042644713097868,0.978906906807769,0.1950978845873078,0.1723748418343638,-0.1013730323441063,0.0040574988782322,-0.0162431853954612,-0.2927350372970613,-0.4661444233124081,-0.3599656983550643
1779487376421471232,15.401773452758787,8.828495025634766,0.0649623274803161,0.0004631206333938,-0.0049102560139958,0.189928776942179,0.9817854829821044,-0.3811837938532881,-0.2814540327930599,-0.0117401773539447,0.0013234398292025,0.0191449944534875,-0.2798753009986402,-0.4661444233124081,-0.3599656983550643
1779487376521801472,15.339393615722656,8.80579948425293,0.0724731087684631,0.0004149074322839,-0.0039501531070518,0.1761611176822467,0.984353333290031,-0.6232861787118135,-0.2267690640725231,0.075046142963113,-0.0208251515106449,-0.0643642944770904,-0.2780098666039197,-0.4661444233124081,-0.3599656983550643
1779487376621545728,15.34261703491211,8.792166709899902,0.0700401067733764,1.6232375186635587e-05,-0.0072579480743167,0.1626077904125247,0.9866640909769732,0.0325968566989374,-0.137861558139441,-0.0246037554288817,-0.0156451055159612,0.0216366344731639,-0.2936440183541385,-0.4661444233124081,-0.3599656983550643
1779487376721744384,15.29258632659912,8.781142234802246,0.0709300637245178,-0.0008358777126807,-0.0063044728631061,0.1479092294839371,0.9889804926103628,-0.4938692407645594,-0.1088261455793505,0.0087850517930648,-0.0578696844066153,0.0135103693035399,-0.2651178325620955,-0.4661444233124081,-0.3599656983550643
1779487376821286912,15.231324195861816,8.764274597167969,0.0675293803215026,-0.0036933756391746,-0.0060764990124312,0.1348600701628744,0.9908391376060014,-0.6169695110565365,-0.169873591052912,-0.0342482044154352,-0.0118051388121209,0.0155184095647356,-0.2743955570021161,-0.4661444233124081,-0.3599656983550643
1779487376921642752,15.23913860321045,8.762218475341797,0.0690037608146667,-0.0043027293489006,-0.0054336025745318,0.1211661719914898,0.9926080400884032,0.0776821073159721,-0.0204396660206536,0.0146566436307655,0.0147418609760105,-0.0222738643773088,-0.3098136751613645,-0.4661444233124081,-0.3599656983550643
1779487377023181568,15.200759887695312,8.753799438476562,0.0732946991920471,-0.0033369363505228,-0.0065322420067384,0.1055493229014826,0.994387014750895,-0.3780061409155388,-0.0829222029173366,0.0422630365599446,0.05363307734092,-0.0367064455385897,-0.2830669245486258,-0.4661444233124081,-0.3599656983550643
1779487377121374976,15.163732528686523,8.747001647949219,0.0626919865608215,-0.0004481243154194,-0.0080861807365006,0.0917943548756948,0.9957450523495708,-0.3785030333181805,-0.0694887349068147,-0.1083836114632772,-0.0076556973243577,-0.0741828690586911,-0.278875888347135,-0.4661444233124081,-0.3599656983550643
1779487377221242368,15.092666625976562,8.728569984436035,0.0608494281768798,-0.00037572907731,-0.0118342703841338,0.0778460591889986,0.9968950797054216,-0.7079441462517903,-0.1836125032154426,-0.0183551938735285,0.0503004149421587,0.0518788679535545,-0.3046847371709978,1.3241938209447617,0.1766342271072114
1779487377320722176,15.104817390441896,8.730570793151855,0.0728872418403625,0.0021044850644971,-0.0090629085193861,0.0627113514362449,0.9979883372228469,0.1217673110087001,0.0200508451845422,0.1206353891895656,0.0149889634069383,-0.0019082342934343,-0.2930726348104482,1.3241938209447617,0.1766342271072114
1779487377420529408,15.04784870147705,8.723240852355957,0.0644576549530029,0.0029900114110108,-0.009079298381274,0.048103142838658,0.9987966328646236,-0.5702942301920217,-0.0733775521169124,-0.0843857363073635,0.0172721623042488,-0.1691862459397779,-0.3222378155735849,1.3241938209447617,0.1766342271072114
1779487377521105664,15.01545238494873,8.70821475982666,0.0624317526817321,0.0044010781311648,-0.0174123402600267,0.0320331920701824,0.9993254302396928,-0.3249122208844293,-0.150701117228586,-0.02031837186422,0.0361281833960958,0.0859740293840783,-0.1438306481042698,1.3241938209447617,0.1766342271072114
1779487377620754944,15.028621673583984,8.700540542602539,0.0742244124412536,0.0061963079657998,-0.0130198231119737,0.0248850308196681,0.999586327044758,0.1314946135143571,-0.0766266315410262,0.1177490508662309,-0.0940125569443037,0.0830037067138931,0.113592206243394,1.3241938209447617,0.1766342271072114
1779487377720486400,15.058547973632812,8.698948860168457,0.0711021423339843,0.0013413323319926,-0.0090403971924757,0.0305014481885145,0.9994929382965048,0.3005633577993523,-0.0159859861111255,-0.0313583699243217,0.0161734086948333,0.0050646270317879,0.0240204900530911,1.3241938209447617,0.1766342271072114
1779487377820392960,15.05215835571289,8.707730293273926,0.0657606124877929,0.0021271238724464,-0.0087655888099782,0.031703536941389,0.9994566151375714,-0.0642121233942634,0.0882485421215489,-0.0536794183778014,0.0127911097298853,-0.0963696520875426,0.1416288088676897,1.3241938209447617,0.1766342271072114
1779487377920217600,15.040502548217772,8.69409465789795,0.0659229755401611,0.002858230782352,-0.0135844029013937,0.0387877910684197,0.9991510405232232,-0.1163513604700399,-0.1361145272460015,0.0016207510325662,-0.0470442989608517,0.0415661837082805,0.4344081237161697,1.3241938209447617,0.1766342271072114
1779487378019678720,15.10297966003418,8.7078275680542,0.0608279109001159,0.0001494753935349,-0.0116705165536241,0.0603128709751672,0.9981112835226398,0.6288310526665046,0.1382215038221649,-0.0512817377092989,-0.0012822664129456,0.0696759144428144,0.5582360640054075,1.3241938209447617,0.1766342271072114
1779487378120142336,15.1156587600708,8.714768409729004,0.0699211359024047,-0.0004540706210742,-0.0081756662071105,0.0883162096408501,0.9960588333108712,0.1260113029090172,0.0689815917692235,0.090373064876348,0.0296457407308259,-0.0363619367366534,0.7014026641629146,1.3241938209447617,0.1766342271072114
1779487378219969792,15.088662147521973,8.706870079040527,0.0674648880958557,0.0008939520132127,-0.0098315908699096,0.1231407720825945,0.9923401084918754,-0.2704209518960659,-0.0791163742971321,-0.0246038597893814,-0.0185371484023348,0.0122420580364629,0.7797951918881705,1.3241938209447617,0.1766342271072114
1779487378320513024,15.114315032958984,8.740467071533203,0.0604370236396789,-0.0004919970329519,-0.0093633488356505,0.1619194379000526,0.9867594343443756,0.2552045672458807,0.3342355366186524,-0.069915842863181,-0.067468145876918,0.0881007927298447,0.7903907496330267,1.3241938209447617,0.1766342271072114
1779487378420913152,15.13157081604004,8.764891624450684,0.0695578455924987,-0.0049300500531005,-0.0055129956427745,0.2009846633064945,0.9795664686998486,0.1714849114544267,0.2427268745031127,0.0906411107293138,0.0444796486495592,-0.0326688072924572,0.7042023176087333,1.3241938209447617,0.1766342271072114
1779487378521921024,15.144145965576172,8.77578353881836,0.0673054456710815,-0.0025941066581749,-0.0064974950323933,0.2356678659608795,0.971808473991864,0.1246420415919293,0.1079581948294725,-0.0223252792247337,0.049013771958294,-0.020362027019987,0.7833704087595578,1.3241938209447617,0.1766342271072114
1779487378622820352,15.156274795532228,8.778099060058594,0.0630172491073608,-0.0002064163833863,-0.00680509138406,0.2738657948407433,0.9617438196005104,0.1203101109847245,0.0229684659121647,-0.0425361231359344,-0.0179554812866796,0.0051035867386737,0.7914959711882281,1.3241938209447617,0.1766342271072114
1779487378723387136,15.17720890045166,8.78742790222168,0.0736767053604126,-0.0014112829920722,-0.0067920041527881,0.3117810414146486,0.9501286540118145,0.2088683717139606,0.0930777828848783,0.1063538794469439,0.0420825214786469,-0.0056173433417061,0.7816016185914347,1.3241938209447617,0.1766342271072114
1779487378827901440,15.193583488464355,8.791861534118652,0.0657751560211181,0.0004922054398395,-0.0063222516253688,0.350317838392515,0.9366094164443288,0.1567315297819091,0.0424370927173031,-0.075630722106394,0.0188748010753607,0.00312289056833,0.794129086499224,1.3241938209447617,0.1766342271072114
1779487378923466752,15.196956634521484,8.809709548950195,0.0675593018531799,0.0010464881775066,-0.0058789693038809,0.3857445007036238,0.9225863226600156,0.0351546560417037,0.1860105704892522,0.0185942239061407,-0.0342351757970405,0.0604545163691637,0.7698009425319966,1.3241938209447617,0.1766342271072114
1779487379022819840,15.20940113067627,8.85573959350586,0.0755365490913391,-0.0019149500505565,-0.0037940997452758,0.4208321126659799,0.9071285855503148,0.1248707608528367,0.4618754037338508,0.0800454208631899,0.0470659389245688,-0.0376496659455082,0.7258429537240959,1.3241938209447617,0.1766342271072114
1779487379123722496,15.19153881072998,8.850172996520996,0.0604369640350341,0.0009014429145639,-0.0044453520726176,0.4537870843743801,0.891098596284733,-0.1769435661996011,-0.0551425304808901,-0.1495760033428282,-0.0317573160898489,0.0791061430147895,0.8728860662233373,1.3241938209447617,0.1766342271072114
1779487379221639424,15.223993301391602,8.866348266601562,0.0767923593521118,-0.0023887632077278,-0.0017696289458005,0.4909599766399664,0.8711770563791353,0.3357344802432259,0.1673295677295805,0.1691929231982984,-0.0089737091216671,-0.0095394747849317,0.8194105478356528,1.3241938209447617,0.1766342271072114
1779487379320816640,15.22773265838623,8.892106056213379,0.0727836489677429,-0.0026157269146387,-0.002305513737478,0.5262030741462012,0.85035179034221,0.0374233649325454,0.2577831327373422,-0.040119045022608,-0.0224427730476617,-0.0008814967046348,0.7910136976169548,1.3241938209447617,0.1766342271072114
1779487379420513536,15.22467041015625,8.902746200561523,0.0753524303436279,-0.00363406056358,-0.0028272738064949,0.5593618049801902,0.8289108343217302,-0.0306694335222026,0.1065645810673358,0.0257271990132818,0.0137037017384983,-0.0202450901009798,0.7765259514700135,1.3241938209447617,0.1766342271072114
1779487379519536640,15.226621627807615,8.9260835647583,0.0749513506889343,-0.0026124680984131,-0.0031381715855241,0.5909597890408806,0.8066906808847444,0.019613047199923,0.2345800967885223,-0.0040315308714651,0.0333230952984408,-0.0153366890848412,0.8064492985954276,1.3241938209447617,0.1766342271072114
1779487379619757312,15.227606773376465,8.939029693603516,0.0694993734359741,-0.0009421878549598,-0.0026649660491068,0.6229651027575046,0.7822445212235972,0.0098638035923645,0.1296235564049848,-0.0545881081068488,0.002099924047844,0.0222327055463184,0.8077159821735445,1.3241938209447617,0.1766342271072114
1779487379720368128,15.217089653015137,8.966551780700684,0.0684959292411804,-0.0016627647541525,-0.0016852003405813,0.6541898815130152,0.7563266451997916,-0.1046541284953556,0.2738677452164915,-0.0099851075286731,0.0276459150021632,-0.0088584072863163,0.8317242538036976,1.3241938209447617,0.1766342271072114
1779487379820664832,15.209704399108888,8.962562561035156,0.0631080269813537,-0.0003922141221216,-0.0010432929895955,0.6851740298973759,0.7283785461296964,-0.0736006247321913,-0.0397561225793848,-0.0536952388303985,-0.0313595029331097,0.0123172338920768,0.8086732521304555,1.3241938209447617,0.1766342271072114
1779487379921339392,15.205645561218262,8.991228103637695,0.0747939348220825,-0.0020077813804223,-0.0016559913502157,0.714232144410622,0.6999040437068362,-0.0403346770145578,0.2848636564153149,0.1161286385609018,0.0187564705729727,0.0092473980838397,0.8090708837679733,1.3241938209447617,0.1766342271072114
1779487380021032704,15.19602394104004,9.012524604797363,0.0720487833023071,-0.0017467446014467,-0.0005790065937241,0.7419857127108417,0.6704131679551394,-0.0961035223245318,0.212715606802371,-0.0274193665389201,-0.0005349032182119,0.0198351988239261,0.8630924791937813,1.3241938209447617,0.1766342271072114
1779487380122461696,15.173914909362791,9.02212619781494,0.0686893463134765,-0.0025316974636104,0.0001492071224456,0.7705005004859748,0.6374343472045175,-0.2188215746861707,0.0950306523720125,-0.0332496376452086,0.0335178720332701,-0.0078774935407933,0.7943800442250306,1.3241938209447617,0.1766342271072114
1779487380224738560,15.165640830993652,9.041290283203123,0.0691839456558227,-0.0011213843460798,0.0013151383213451,0.7957443441906317,0.6056302102743601,-0.0809239440388917,0.1874327634234127,0.0048373882523248,0.0290257934757807,-0.0286772464794129,0.7475322290798612,1.3241938209447617,0.1766342271072114
1779487380323251712,15.145328521728516,9.056639671325684,0.0614038705825805,0.0009173883256496,0.0016376905934386,0.817499401439192,0.5759263885382776,-0.2061738052122615,0.1557992109907201,-0.0789692428246222,0.0146436548542204,0.0012100024302635,0.7592706172820735,1.3241938209447617,0.1766342271072114
1779487380422315776,15.130855560302734,9.076630592346191,0.0624355673789978,0.0013496947437165,0.0022331174350145,0.8387046628727155,0.5445802787341684,-0.1451741025182081,0.2005231640080836,0.0103486530561728,-0.0008068369797792,0.0332033813120315,0.793442391660986,1.3241938209447617,0.1766342271072114
1779487380521794560,15.118022918701172,9.09084415435791,0.0677645206451416,4.915511001992562e-05,0.0030319688868634,0.8592483273551876,0.5115497206389195,-0.1308856599730437,0.144970264286433,0.0543522983701042,-0.0111094228498718,-0.0030870735268599,0.766067247264672,1.3241938209447617,0.1766342271072114
1779487380623167232,15.112916946411133,9.079459190368652,0.0664764642715454,1.2913031042655022e-05,0.0024586407216012,0.8786357700530982,0.4774862704856079,-0.049896191612316,-0.1112552737145738,-0.0125870459089249,-0.0293113528597001,0.0050352067560536,0.7921018409990416,1.3241938209447617,0.1766342271072114
1779487380720058112,15.097601890563965,9.10401725769043,0.0642321705818176,-0.0007879127403776,0.0013211529285136,0.8963739574497104,0.4432960209097277,-0.1574725112213072,0.2525110303543111,-0.0230762830228216,-0.0450638413641603,0.0447042608357552,0.7828351245991109,1.3241938209447617,0.1766342271072114
1779487380820094464,15.087308883666992,9.11322784423828,0.0666066408157348,-0.0037271348159818,0.0003258199344564,0.9129762265556504,0.4079956029807667,-0.1032846410107721,0.0924231504569663,0.0238264977528614,0.0111703737861761,-0.0438522193836882,0.691045681652404,1.3241938209447617,0.1766342271072114
1779487380920007936,15.067452430725098,9.106680870056152,0.0682052373886108,-0.0014926307897559,7.073302408005649e-05,0.926483706653848,0.3763319124856559,-0.1992941052798324,-0.0657102940658973,0.0160447021745026,0.0215151318239649,-0.0182094482775698,0.785996106243154,1.3241938209447617,0.1766342271072114
1779487381019901184,15.058510780334473,9.129883766174316,0.0625423789024353,-0.0002543441841389,0.0007753951743409,0.9404085305190696,0.3400457760336447,-0.090405672143577,0.2345957767974861,-0.0572550374183075,-0.0060870247021989,0.0393121468340693,0.7635050236199107,1.3241938209447617,0.1766342271072114
1779487381121000192,15.041645050048828,9.1488037109375,0.0746809244155883,-0.0022188852440511,0.0011753320636841,0.9529576937650028,0.3030929379528679,-0.164978261234362,0.1850723056052308,0.1187375879228126,0.0545330810432866,-0.0379265251933281,0.7279092248958139,1.3241938209447617,0.1766342271072114
1779487381220259328,15.017440795898438,9.154314041137695,0.0635883212089538,0.0004393938570463,0.0032636004565244,0.9632821173475552,0.2684710752455647,-0.2437661436515343,0.0554956965334344,-0.1117159442276928,-0.015570926227601,0.0245954551862257,0.7376782058898018,1.3241938209447617,0.1766342271072114
1779487381320950528,15.000670433044434,9.144570350646973,0.0721210241317749,-0.0008413791317038,0.0028228744693734,0.9725796086152312,0.2325515606628574,-0.166721120967624,-0.0968660615823835,0.0848271327556163,0.0163779110321234,-0.0013903746548615,0.7211314786258307,1.3241938209447617,0.1766342271072114
1779487381421392128,14.964468002319336,9.156490325927734,0.0592211484909057,-0.0004784426219108,0.0036373684786056,0.980380026725219,0.1970825812736053,-0.3593975424919503,0.1183348669320325,-0.1280627712261891,-0.0361602837588541,0.0093847982856827,0.7576919790109874,1.3241938209447617,0.1766342271072114
1779487381521906432,14.953191757202148,9.167021751403809,0.0605384111404418,-0.0011589196200365,0.0019672562301065,0.9871674673816704,0.1596720957196288,-0.1123606136620892,0.1049389594613033,0.0131256848461401,0.0255461349408263,0.0102935680361881,0.7311762713305059,1.3241938209447617,0.1766342271072114
1779487381624263680,14.9384183883667,9.155842781066896,0.0659586787223815,-0.0013955446985121,0.003382568513047,0.9924422828099878,0.122657759543166,-0.1444437903630325,-0.1093002459902825,0.0529956303831381,0.0040437317802806,-0.0323186517257784,0.7265487010642532,1.3241938209447617,0.1766342271072114
1779487381723636992,14.931939125061035,9.180354118347168,0.0593886375427246,0.0003169607841945,0.0034323731901618,0.9961715618784172,0.0873518039588153,-0.0662843599254404,0.2507566409778733,-0.0672130385404541,0.0175759491996709,0.0071675700719979,0.748413760581745,1.3241938209447617,0.1766342271072114
1779487381823990784,14.905948638916016,9.179533004760742,0.0688370466232299,0.0001619785497265,0.004342147932069,0.998775329302439,0.0492844913851229,-0.2548864130588927,-0.0080525887661434,0.092659717336783,-0.0141788077151784,0.0051806809006714,0.708848639536773,1.3241938209447617,0.1766342271072114
1779487381921822464,14.881569862365724,9.187207221984863,0.0691651105880737,2.5136809939399763e-05,0.0036536170188808,0.9998864651310944,0.014618731082579,-0.2491147557223153,0.0784190603331952,0.0033523246867924,-0.0268164355042996,-0.0108402856040135,0.7101054152449844,1.3241938209447617,0.1766342271072114
1779487382021628928,14.873197555541992,9.155508995056152,0.0719856023788452,0.0006736699352126,0.0023091448857642,0.999782886052094,-0.0206976997770399,-0.0841606497533214,-0.3186389880966964,0.0283523318880792,-0.0179766559847383,-0.0202173654563168,0.7463948794181581,1.3241938209447617,0.1766342271072114
1779487382120947200,14.852519989013672,9.178582191467283,0.0612299442291259,0.0017824598925145,0.0014096936279079,0.998326429788163,-0.0577855967091017,-0.2078788534125721,0.231962963724,-0.1081304166425451,0.0064620723830665,0.0066399238218064,0.741613577135948,1.3241938209447617,0.1766342271072114
1779487382219814656,14.832910537719728,9.17246437072754,0.0690364837646484,0.0014843756341842,0.0016452388569337,0.9955086325082456,-0.094644875295195,-0.1966922054780735,-0.06136467747018,0.0783033372722566,0.0449991334905043,-0.0419012780730112,0.7388245389617984,1.3241938209447617,0.1766342271072114
1779487382320395776,14.806814193725586,9.16016960144043,0.0695143342018127,0.0034035802940425,0.0040110656341578,0.9913547352827586,-0.1311034546688688,-0.2627079891223215,-0.1237696022425438,0.0048104488305658,-0.029262992573094,0.0267383205451549,0.7516501010687356,1.3241938209447617,0.1766342271072114
1779487382420164608,14.80354118347168,9.173879623413086,0.0731205344200134,0.0024172951899132,0.0022526002173756,0.9857286947068866,-0.1683093072521044,-0.032686423018312,0.136917254461321,0.0360138761191345,0.0337335394672595,-0.0209301782873819,0.7169673386584456,1.3241938209447617,0.1766342271072114
1779487382521441792,14.779461860656738,9.169815063476562,0.072853147983551,0.0032560325707229,0.0040283572375309,0.978948080773737,-0.204043685859872,-0.2373313048845974,-0.0400612309960059,-0.0026354217833189,-0.0110582675825704,-0.0137119580524333,0.7242715551409191,1.3241938209447617,0.1766342271072114
1779487382621035008,14.755903244018556,9.160523414611816,0.0689569115638732,0.0041799393592349,0.0035085845459714,0.9709522217476064,-0.2392112058930849,-0.2365113229936262,-0.093281375538473,-0.0391153710112318,-0.0150622024582216,0.0251541295617389,0.760891856107776,1.3241938209447617,0.1766342271072114
1779487382721185280,14.729167938232422,9.14336395263672,0.064027726650238,0.0032672077393865,0.0023120928804993,0.9611305879703208,-0.2760651597864618,-0.2666567637201322,-0.1711477188277212,-0.0491634734744584,0.0320718962224537,0.0180683992078228,0.7605643770559403,1.3241938209447617,0.1766342271072114
1779487382821423360,14.744780540466309,9.139156341552734,0.0626883506774902,0.0020394803731307,0.0034801956650074,0.9499126098336534,-0.3124896197267324,0.1557985711339715,-0.0419878624300948,-0.0133656683004683,0.0137579675349356,0.0292919903028544,0.7509367371343689,1.3241938209447617,0.1766342271072114
1779487382921829376,14.715250968933104,9.124502182006836,0.0650250315666198,0.0005577873036246,0.0035972970837895,0.937467398791117,-0.3480540540359091,-0.2942861959651042,-0.1460406177238015,0.0232869254223048,-0.0060433749596799,0.0070324114183692,0.7753046511745149,1.3241938209447617,0.1766342271072114
1779487383021197568,14.702532768249512,9.099737167358398,0.0681068301200866,0.000472544022631,0.0031682599577165,0.9233041180566838,-0.3840563036985022,-0.1274289539543616,-0.2481310045206105,0.0308778242879063,-0.0210001309713858,0.016227742747395,0.7515852855309867,1.3241938209447617,0.1766342271072114
1779487383122064384,14.709803581237791,9.08705997467041,0.0725617408752441,0.0002450662773552,0.001865397621942,0.9082009140645768,-0.4185302377684305,0.0725923537896603,-0.1265700628181997,0.0444781702075108,-0.0056229094800028,-0.0061343956079783,0.7314303584270034,1.3241938209447617,0.1766342271072114
1779487383222009344,14.689958572387695,9.07985496520996,0.0641664862632751,0.000709562616163,0.0017281597833614,0.89228001375114,-0.4514785565726485,-0.1983165659234263,-0.0720016173555426,-0.0838960605800034,-0.0616059211808021,-0.0100373688870513,0.7149894459855076,1.3241938209447617,0.1766342271072114
1779487383321854208,14.66916561126709,9.052644729614258,0.0660300254821777,0.002608298132609,-0.0008187697792409,0.8755800083399113,-0.4830653945299546,-0.2080036272169285,-0.2721992153260288,0.0186420257674897,-0.0094315753086001,-0.0171272884110775,0.7293146627775292,1.4906026217895811,0.2579636871822974
1779487383421513984,14.656123161315918,9.019222259521484,0.0645572543144226,0.0035461955408573,-0.000911760541006,0.8575409379921074,-0.5144026952276965,-0.131528242433111,-0.3370531430470027,-0.0148523478277627,-0.011666148339848,-0.0355176692675336,0.7690729892336169,1.4906026217895811,0.2579636871822974
1779487383521504768,14.661797523498535,9.021108627319336,0.0644401907920837,0.0053384691220059,-0.0006330442618303,0.8370348093099753,-0.5471232292690646,0.0565071056846295,0.0187850512679323,-0.0011657558357627,0.0107778459648551,0.0197868331229981,0.8441970240688984,1.4906026217895811,0.2579636871822974
1779487383619980800,14.649100303649902,8.990889549255371,0.0654731392860412,0.0041924420970808,-0.0009457549148271,0.8133782004533566,-0.5817193756478831,-0.1278625308611589,-0.3043097502927402,0.0104019155579835,0.0186554841675672,0.0141416962020066,0.8185381083747093,1.4906026217895811,0.2579636871822974
1779487383720422144,14.646244049072266,8.942514419555664,0.0586506724357605,0.003034554467985,-0.0007694885970467,0.7889369047919238,-0.6144662396127379,-0.0286056052218069,-0.4844805759185835,-0.068327520552973,0.0006750295890457,-0.0233310058913625,0.7803906189383409,1.4906026217895811,0.2579636871822974
1779487383820467712,14.63713836669922,8.914883613586426,0.0742803215980529,0.0039010500362542,-0.000144426882638,0.764378029982753,-0.6447565340724946,-0.0911139704127579,-0.2764814688697984,0.156394582305026,0.0122924169002796,-0.020085400763183,0.8130633461122413,1.4906026217895811,0.2579636871822974
1779487383920288512,14.651626586914062,8.911864280700684,0.0571435689926147,0.0042619264954401,0.0008107140332915,0.7376364235299366,-0.6751841862834671,0.1454037012471538,-0.0303020088302059,-0.1719843582743609,0.0052245525737168,0.0173633335089314,0.803674551384662,1.4906026217895811,0.2579636871822974
1779487384020785664,14.631104469299316,8.879786491394043,0.068324863910675,0.0034693284867937,0.0002417660105229,0.7097347032907058,-0.7044604717469254,-0.2038860325411339,-0.3186909517428124,0.1110855079535057,0.0112162760188514,-0.0164832469250422,0.831647919729859,1.4906026217895811,0.2579636871822974
1779487384120741632,14.628388404846191,8.835524559020996,0.0591317415237426,0.00366426209732,0.0010673873670432,0.6801363254197862,-0.7330757209947424,-0.027433416084731,-0.4470645039763123,-0.0928544796749581,-0.0076462051794463,0.0182464428549314,0.8172017889816681,1.4906026217895811,0.2579636871822974
1779487384221470720,14.625252723693848,8.830033302307129,0.0649321675300598,0.0033596954137338,-2.94521056364936e-05,0.6491173408886921,-0.7606808722039051,-0.0308508768870258,-0.0540265660326929,0.0570683752330618,-9.961536393719088e-05,0.0106099331139204,0.7973204902312867,1.4906026217895811,0.2579636871822974
1779487384321966848,14.643049240112305,8.801475524902344,0.0603822469711303,0.0030135684200374,-0.0005728106913771,0.6181226741575649,-0.7860756642878538,0.1770423909162243,-0.2840970149502351,-0.0452632860999878,0.0019329428184866,0.0520443848869574,0.7571970546204161,1.4906026217895811,0.2579636871822974
1779487384422238720,14.660114288330078,8.760429382324219,0.0669674277305603,0.0013010119573686,-0.0026774916310137,0.5878487083879304,-0.8089654099237463,0.1701877892315753,-0.4093485217685818,0.0656732603878872,0.1349426444617237,-0.074630792943995,0.7938491086409994,1.4906026217895811,0.2579636871822974
1779487384522157312,14.667627334594728,8.734660148620605,0.0707223415374755,-0.002072898097452,0.0042620562625889,0.5552521990492106,-0.8316685237646714,0.075066469982048,-0.2574728465835135,0.0375171554444265,-0.0617736492877482,0.0804854221880947,0.8702374103177026,1.4906026217895811,0.2579636871822974
1779487384622133760,14.658499717712402,8.722923278808594,0.0710693597793579,-0.0015522269823991,-0.000703774808034,0.5186107576915308,-0.8550087586095425,-0.0914292433196452,-0.1175655310348838,0.0034760020805491,0.0509403319154171,0.0120760503604186,0.7681913232776811,1.4906026217895811,0.2579636871822974
1779487384721214464,14.679038047790527,8.704681396484375,0.0717998147010803,-0.0040601030953612,0.0001579717384702,0.4855050574437843,-0.8742244161565682,0.2060590425629448,-0.1830190084576527,0.0073285822767949,0.0548771541204158,-0.0426849919559072,0.8313695669620738,1.4906026217895811,0.2579636871822974
1779487384821473536,14.702959060668944,8.656291007995605,0.0596699118614196,-0.005407981211508,0.0035131468780401,0.4488767490899483,-0.8935704089016537,0.2399558732455561,-0.4854124691764448,-0.121677181608834,-0.0192759040887882,0.0220841294141301,0.8780266279983235,1.4906026217895811,0.2579636871822974
1779487384920605184,14.70571231842041,8.657109260559082,0.06851726770401,-0.0048872262575372,0.0023374191030544,0.4095343483332017,-0.9122786137067688,0.0277469526908658,0.0082462367193498,0.0891624345279697,0.0697864167250866,-0.0270153208004218,0.8665550692502704,1.4906026217895811,0.2579636871822974
1779487385020626432,14.735233306884766,8.642972946166992,0.0588311553001403,-0.0073966039322846,0.0051914143823172,0.3698546247505372,-0.92904569102796,0.2968582315346124,-0.14215246538645,-0.0974019620694631,-0.0554847680387357,0.0431728598693824,0.8367955370299087,1.4906026217895811,0.2579636871822974
1779487385122530816,14.78459358215332,8.611271858215332,0.073596715927124,-0.0053445956282597,0.0023977977398879,0.3296865503841409,-0.9440722770844266,0.4816414004277888,-0.3093288340279788,0.1440775048313473,0.0127592414610957,-0.0170102588597598,0.8230313880242223,1.4906026217895811,0.2579636871822974
1779487385220386816,14.796050071716309,8.590167999267578,0.0635049939155578,-0.0055580542736289,0.0035990434974509,0.2915195085765392,-0.9565419651211796,0.1173928422423674,-0.2162479152569174,-0.1034082843216592,-0.0037778789807997,-0.0055716720358652,0.8595203840142888,1.4906026217895811,0.2579636871822974
1779487385320667904,14.806059837341309,8.589388847351074,0.0659121870994567,-0.0051348141586365,0.0040475866597746,0.2499942979394722,-0.9682252329512684,0.0997081404170272,-0.0077611995732385,0.0239782593302333,-0.0167055883969557,-0.0157686167817454,0.8239935155611663,1.4906026217895811,0.2579636871822974
1779487385420948480,14.830531120300291,8.561328887939453,0.0739582180976867,-0.0039548907096188,0.0048121653385928,0.2097977642842867,-0.9777249613288715,0.2440318830233767,-0.2798187877707254,0.0802364182807035,0.048338364594374,-0.0450065751765654,0.8677361875898563,1.4906026217895811,0.2579636871822974
1779487385521334784,14.862281799316406,8.55931282043457,0.0709275007247924,-0.0056301909828747,0.0076810891306734,0.1672561719489013,-0.985867473225617,0.3180025688862252,-0.0201921554268308,-0.0303544976048979,0.0103765290073961,0.0151703922771282,0.897582460300571,1.4906026217895811,0.2579636871822974
1779487385621629184,14.906572341918944,8.552041053771973,0.0752730965614318,-0.005920351925664,0.0072617043184762,0.1224875824530565,-0.992425820516714,0.4393367463549706,-0.0721317490839466,0.0431058150037975,0.0514840439430345,-0.0658060433273293,0.8740327460462619,1.4906026217895811,0.2579636871822974
1779487385722503424,14.905073165893556,8.560070991516113,0.0692644715309143,-0.0077393769552474,0.011073970511442,0.0792293356920887,-0.99676485772084,-0.0150663543770664,0.0806989210272896,-0.0603852199444701,0.0420691537566398,0.0076805528430435,0.8839566760660719,1.4906026217895811,0.2579636871822974
1779487385822838272,14.935050010681152,8.561513900756836,0.0678293704986572,-0.0093973544883181,0.0111908485130981,0.0343091677621099,-0.999304425911168,0.2945963725535209,0.014180139079104,-0.0141034041890113,0.0010763597586481,0.0147291623711483,0.8658003801359326,1.4906026217895811,0.2579636871822974
1779487385921801472,14.984381675720217,8.569751739501953,0.0671794414520263,-0.008987752914616,0.0108568657813694,-0.0085176371547681,-0.9998643901151052,0.4986061838978749,0.0832616806470353,-0.006568978393257,-0.0019316047115089,0.0087769044792549,0.8758246989906844,1.4906026217895811,0.2579636871822974
1779487386021730560,14.987427711486816,8.580707550048828,0.0666278004646301,-0.0084043372798103,0.0108021756771963,-0.0522276929898184,-0.9985414103583724,0.0304993968940385,0.1096985195737991,-0.0055234799282703,0.0132250969445737,0.0084027294116415,0.9429729245692774,1.4906026217895811,0.2579636871822974
1779487386124549888,15.002890586853027,8.588400840759277,0.0667877793312072,-0.0085270318834686,0.010730109838647,-0.1005421163065261,-0.9948383975896355,0.1504618511201121,0.0748597355979982,0.0015566779033797,-0.0437611018427789,0.0500624007667905,0.93019504390839,1.4906026217895811,0.2579636871822974
1779487386221106432,15.033936500549316,8.605672836303711,0.074611485004425,-0.0056891874864181,0.0089085063064437,-0.1451539070539858,-0.989352624157886,0.321137551440975,0.1786607542590003,0.0809280637597192,-0.0099684321051769,-0.0387050699290126,0.7987416361115818,1.4906026217895811,0.2579636871822974
1779487386321288448,15.076422691345217,8.640424728393555,0.0692471265792846,-0.0051160961400491,0.0111177073094023,-0.1845720658062334,-0.9827427815397516,0.4243393934040928,0.3470915262771076,-0.0535776109244878,0.0241206712589857,0.0123801548068938,0.8590807351113422,1.4906026217895811,0.2579636871822974
1779487386421061632,15.060332298278809,8.6276216506958,0.0655338764190673,-0.0056992238669121,0.0105022856677082,-0.2262317581763408,-0.9740002117225182,-0.1624027128202235,-0.1292233534620377,-0.0374783820948697,-0.0053434004948154,0.0394378409605153,0.8567266807178625,1.4906026217895811,0.2579636871822974
1779487386520956928,15.071374893188477,8.647817611694336,0.0793700814247131,-0.0045305516154913,0.0088664545302099,-0.2680104096829241,-0.9633645625554814,0.1097125541842969,0.2006548717472023,0.1374681769823786,-0.0121034037297242,0.0036425326510557,0.9513928056447046,1.4906026217895811,0.2579636871822974
1779487386620609024,15.103171348571776,8.664327621459961,0.0674903988838195,-0.003474326859851,0.0090582430253384,-0.3134234615149415,-0.9495639057262848,0.3185909290868269,0.1654253371030007,-0.1190308495816661,-0.0043500553214636,0.0646354408636531,0.9092219240102544,1.4906026217895811,0.2579636871822974
1779487386720518912,15.081183433532717,8.680985450744629,0.0704245567321777,-0.0018481102248825,0.0062212577895253,-0.3560510552389932,-0.9344439664866548,-0.2209686495753855,0.1674036867684446,0.0294869657373555,-0.0054402979133023,0.0023086003070289,0.9178633732523248,1.4906026217895811,0.2579636871822974
1779487386820842240,15.097407341003418,8.708121299743652,0.0634741187095642,-0.00126295654962,0.006288756628923,-0.3987327615635996,-0.9170447324622074,0.1615154853328775,0.270148225938261,-0.069194389361853,-0.0637466162569349,0.0618424652641208,0.9499362535878164,1.4906026217895811,0.2579636871822974
1779487386922036480,15.121430397033691,8.741602897644043,0.0646895170211792,0.0032475001005953,0.0047582982273491,-0.4423402436315877,-0.896828813768282,0.2372382458390605,0.3306455075394099,0.0120025929706835,0.0732493652025408,-0.0339617373251664,0.8730157216603041,1.4906026217895811,0.2579636871822974
1779487387021370624,15.13213348388672,8.762940406799316,0.0607244968414306,-0.0005494998855485,0.0045170138422374,-0.4807438400235106,-0.8768492771937911,0.1079589353589626,0.2152252712930081,-0.0399940095002946,-0.0038861196959311,0.0527477452058269,0.9144244063386328,1.4906026217895811,0.2579636871822974
1779487387121142528,15.120073318481444,8.780311584472656,0.0622700452804565,0.0010899932048366,0.0023261057743025,-0.5201907069482508,-0.8540462689757619,-0.1209928578401476,0.1742752574377898,0.0155056183961085,-0.0139288723635491,0.0217682522689142,0.9647683684434816,1.4906026217895811,0.2579636871822974
1779487387220612352,15.123039245605469,8.792634963989258,0.0576808452606201,0.0023666266115847,0.0017012231936857,-0.560928188209111,-0.8278593314027274,0.0295379812003087,0.1227298370001254,-0.0457043272615871,0.0196119191289865,0.0236662130085471,0.8622258422472874,1.4906026217895811,0.2579636871822974
1779487387321616384,15.127178192138672,8.84731674194336,0.0748098492622375,0.0022894784429519,6.291507150620328e-05,-0.596201712718711,-0.8028314095010413,0.0412494416274484,0.5449678534642032,0.1707105528020055,-0.0474891801457004,0.0042093360552983,0.8583765083169961,1.4906026217895811,0.2579636871822974
1779487387421825792,15.137454986572266,8.88088607788086,0.0645577311515808,0.0043239188803619,0.0012124618600803,-0.6301408632458609,-0.7764678526053187,0.1026307967495718,0.3352453642896186,-0.1023843628347709,0.0171712052835071,-0.0167683850077559,0.9274870954584906,1.4906026217895811,0.2579636871822974
1779487387521636608,15.128860473632812,8.865976333618164,0.062065303325653,0.003179529705241,0.0011205485901586,-0.6655053427883,-0.7463854725823231,-0.0858398691135811,-0.1489148372971291,-0.0248937525442015,0.0016905377086006,-0.0038527426076943,0.9863162874199,1.4906026217895811,0.2579636871822974
1779487387621506048,15.127626419067385,8.908063888549805,0.0689817070960998,0.0030405184374108,0.0010503569463426,-0.7012876039246091,-0.7128712005542079,-0.0124122307552994,0.4233203768878487,0.0695658052735432,0.0380279550185,0.0101382280567504,0.9212042292123392,1.4906026217895811,0.2579636871822974
1779487387721377024,15.110101699829102,8.949442863464355,0.0705037713050842,0.0020846445711344,-0.0007876278186114,-0.733412062917235,-0.6797806851234572,-0.1749913969584769,0.4131857707135042,0.0151984256391885,0.0096452712339357,-0.0284169103342606,0.8877179530099225,1.4906026217895811,0.2579636871822974
1779487387821008384,15.099482536315918,8.943114280700684,0.0642784237861633,0.0006832625739908,-0.0002692608348908,-0.7627508625357551,-0.6466920305306224,-0.1065755115984447,-0.0635146021524274,-0.0624785178120114,-0.0176771500564351,-0.0101010639710666,0.8725845307985814,1.4906026217895811,0.2579636871822974
1779487387921247488,15.09316349029541,8.990811347961426,0.0602133274078369,0.0008568946445636,0.000700150891585,-0.7901895209250507,-0.6128615639282136,-0.0632884814051878,0.477710550709186,-0.0407140216600816,0.0145554928089569,-0.0188379833416096,0.8603057666017688,1.4906026217895811,0.2579636871822974
1779487388020556800,15.063070297241213,9.02091121673584,0.0643770694732666,-0.0003025001558905,0.0006648657895988,-0.8157873197885622,-0.578351549941151,-0.301250436603518,0.3013172644614241,0.0416814896596723,0.0099182543409424,0.0255509465763777,0.9103648604136318,1.4906026217895811,0.2579636871822974
1779487388119677696,15.066301345825195,9.01913356781006,0.0694812536239624,0.0004809684769398,-0.0004618839504441,-0.8411888125906546,-0.5407410997000922,0.0324025609570449,-0.0178271468783741,0.0511872953253317,-0.0080430540617723,-0.0071705297742381,0.8987933477137505,1.4906026217895811,0.2579636871822974
1779487388220006912,15.045734405517578,9.049079895019531,0.0602138042449951,0.0003760065496924,4.7148579974073246e-05,-0.8645525987050993,-0.5025421976992038,-0.2063980376846639,0.3005241946274753,-0.0930028160509799,-0.0305670573733431,-0.0447411908463209,0.8014838931618588,1.4906026217895811,0.2579636871822974
1779487388320642560,15.021817207336426,9.080526351928713,0.06980961561203,-0.0007915380952781,0.0024841462836761,-0.884045153154939,-0.4673942336699773,-0.2384650569198696,0.3135351005572702,0.0956744885626089,0.0284386094265849,0.0042880652721475,0.8344361589260951,1.4906026217895811,0.2579636871822974
1779487388420426240,15.015436172485352,9.07706356048584,0.0660430788993835,-0.0011619236695331,0.001158968708013,-0.9027621393207252,-0.4301369857777719,-0.0638507225995706,-0.034649824205506,-0.0376891987605745,-0.0119866517484607,0.0366189624634039,0.84979871664913,1.4906026217895811,0.2579636871822974
1779487388520518912,14.991912841796877,9.10605239868164,0.0753898620605468,0.0008074492451275,0.0009599361621097,-0.9202940928935994,-0.3912252664813818,-0.2341626776565028,0.2885689983266324,0.0930424267497496,0.0319382865436803,0.0156298795965488,0.81648303768994,1.4906026217895811,0.2579636871822974
1779487388627010048,14.99724292755127,9.13858699798584,0.0733024477958679,0.0009487284748383,-0.0009629883625788,-0.9364021717762658,-0.3509261250753321,0.0501324241671396,0.3060060208377114,-0.0196332933749038,0.0373808759417501,-0.0529354893552358,0.7965422019058237,1.4906026217895811,0.2579636871822974
1779487388722970880,14.95776653289795,9.142420768737791,0.0708688497543335,-0.0020951094099731,-0.0017863381601345,-0.9491204940507292,-0.3149011071518122,-0.4114692010866864,0.0399600470688621,-0.0253658078634106,0.0010657714977804,0.0257432713954518,0.818693569974633,1.4906026217895811,0.2579636871822974
1779487388821390336,14.933269500732422,9.136053085327148,0.0707804560661315,-0.0009834663593483,-0.002147905276963,-0.960999033257706,-0.2765416376869785,-0.2497182446063216,-0.0649109946368361,-0.0009010690153364,0.0109756622620503,-0.0121840119435335,0.8164436435709235,1.4906026217895811,0.2579636871822974
1779487388922763776,14.91421604156494,9.14768123626709,0.0667645931243896,-0.0018204943897571,-0.0024698402713834,-0.9716371944089808,-0.2364566516938259,-0.1875269592908164,0.1144459790096062,-0.039524716208953,0.0401085376892187,0.0549115487362374,0.8234723993960209,1.4906026217895811,0.2579636871822974
1779487389021007360,14.88426399230957,9.169690132141112,0.0741044282913208,0.0002183851185344,-0.0049250190675179,-0.980332822411348,-0.1972897711441853,-0.3074365155245284,0.2259056867983273,0.0753381956942749,-0.0049647018278159,-0.0248182598288854,0.8077178153948665,1.4906026217895811,0.2579636871822974
1779487389121467136,14.830764770507812,9.184059143066406,0.0700039863586425,-0.0011656442704817,-0.0044354329941357,-0.9875824617511388,-0.1570345485845382,-0.528113393199898,0.1418425700620853,-0.040477192560111,0.0003853686328383,-0.0273769199498691,0.8191593085300305,1.4906026217895811,0.2579636871822974
1779487389222194176,14.848736763000488,9.190123558044434,0.0727803707122802,-0.002712060886204,-0.0041862609499711,-0.9932166625424168,-0.116171344113387,0.1784068505068539,0.0602010699057089,0.0275609946159765,-0.0558973575514654,-0.0023190527326036,0.7866898928844855,1.4906026217895811,0.2579636871822974
1779487389322249472,14.801189422607422,9.194419860839844,0.0644091367721557,-0.0026651003151404,-0.0012870612163748,-0.9970249304526384,-0.0770229106801817,-0.4753687467477999,0.042953571295883,-0.083693913349356,-0.0389644528384817,-0.0039221291928082,0.8200752026603059,1.1921873356502548,-0.4529159303687284
1779487389424326400,14.749963760375977,9.202799797058104,0.0656694173812866,-0.0027627927849923,0.0008183561048123,-0.999371264714495,-0.0353379757805067,-0.5029855918844578,0.0822827269592421,0.0123747153381857,0.0224510207875442,0.0153019012525521,0.7769646477801853,1.1921873356502548,-0.4529159303687284
1779487389520648704,14.751075744628906,9.19119358062744,0.0701144337654113,-0.0020303763625199,-0.0001876206083554,-0.9999955763984448,0.0021655377798667,0.0115169850273997,-0.1202072965552784,0.046037690738547,-0.0091999818383446,0.0333869051268952,0.5642758217295072,1.1921873356502548,-0.4529159303687284
1779487389620926976,14.709343910217283,9.193638801574709,0.0720411539077758,-0.0003621080212857,0.0003347310263909,-0.9995360954453776,0.0304524339705341,-0.4161602865637149,0.0243843546413164,0.0192137349790501,0.055859600026001,-0.027665239120435,0.5435550819237174,1.1921873356502548,-0.4529159303687284
1779487389721030656,14.720126152038574,9.202290534973145,0.0728700757026672,-0.0016559650691135,-0.0025014685769763,-0.9983280710118289,0.0577240250194746,0.107348641424831,0.0861371727406745,0.0082527947345166,0.0095355366242307,0.0187581510497897,0.5221375598266611,1.1921873356502548,-0.4529159303687284
1779487389820867840,14.738607406616213,9.221112251281738,0.0725178122520446,-0.0007586389812003,-0.002878470584105,-0.9964849758370172,0.0837187661464995,0.1851609446096903,0.1885719801236827,-0.0035292751904228,-0.013980988548457,0.0048078194150817,0.60675436852109,1.1921873356502548,-0.4529159303687284
1779487389921675776,14.806103706359863,9.231294631958008,0.0796518325805664,-0.0006638622057471,-0.0021316617141231,-0.9934615907461406,0.1141450087277414,0.669670776796571,0.1010254310682725,0.0707808421087997,-0.0071921117396754,-0.0263022820325042,0.6845657364643523,1.1921873356502548,-0.4529159303687284
1779487390021560832,14.83945083618164,9.249469757080078,0.0647550821304321,-0.0020780322170698,-0.0019015235931387,-0.9889927536394936,0.1479371462436038,0.3348135523560821,0.1824828175365977,-0.1495671130747315,-0.023303901256856,0.0003597547558965,0.676842036980274,1.1921873356502548,-0.4529159303687284
1779487390121072384,14.87506103515625,9.256495475769045,0.0703489780426025,-0.0022946605376255,-0.0006814113805761,-0.983452988228206,0.1811477025980718,0.3578812033062082,0.0706082170529415,0.0562184502716383,0.0249251706227094,-0.0621187710904819,0.6942015927234225,1.1921873356502548,-0.4529159303687284
1779487390220510464,14.940360069274902,9.288620948791504,0.0598158836364746,-0.005129167647016,-0.0023797089020252,-0.9766027025390608,0.2149771848782872,0.6566702160102905,0.3230651355540688,-0.1059245281692929,-0.0028054440345579,0.0624864986217407,0.7174753566504731,1.1921873356502548,-0.4529159303687284
1779487390321663232,14.97143268585205,9.29584789276123,0.0744565725326538,-0.0021701591746051,-0.0013787518548703,-0.9682127325486486,0.2501149615340089,0.3085625743694856,0.0717662264002198,0.145387455386365,0.0358052114156422,-0.0362172591451147,0.6306598553749855,1.1921873356502548,-0.4529159303687284
1779487390420365568,15.020962715148926,9.309297561645508,0.0649245977401733,-0.0035052306203557,-0.0034757172078,-0.9599193408903096,0.2802329240701434,0.499988828208455,0.1357698406543407,-0.0962220490207853,0.0374412077128816,-0.0412513643163703,0.6636674505586928,1.1921873356502548,-0.4529159303687284
1779487390520249856,15.062142372131348,9.344228744506836,0.0631568431854248,-0.0050660870064956,-0.0057212435245812,-0.9501259553422506,0.3117727876514411,0.4137869845281511,0.3510002239299934,-0.0177629897914774,0.0717450877377238,-0.0180986585671244,0.6659522947912957,1.1921873356502548,-0.4529159303687284
1779487390620011264,15.095545768737791,9.35990047454834,0.059048593044281,-0.0049951616652882,-0.0092387308512867,-0.9391897432170876,0.3432379938876468,0.3340750172024694,0.1567365602035111,-0.0410875502496006,-0.0403082109411342,0.0297535477145255,0.678126580401467,1.1921873356502548,-0.4529159303687284
1779487390720507904,15.140610694885254,9.383672714233398,0.0701566934585571,-0.0045972519923065,-0.006642187525911,-0.9269446476186036,0.3751111393576741,0.4473828654884617,0.2359993373689187,0.1102758668062838,0.0404710152864505,-0.027845563002244,0.702322446596755,1.1921873356502548,-0.4529159303687284
1779487390820873216,15.18353271484375,9.43576431274414,0.0594246983528137,-0.0053616335134401,-0.0088818762767553,-0.9131310943270704,0.4075340105229484,0.4277364673272631,0.5191152780311901,-0.1069489664825412,-0.0674496825831944,0.043637460235207,0.7301146478797971,1.1921873356502548,-0.4529159303687284
1779487390920656640,15.227996826171877,9.48712158203125,0.0669466853141784,-0.0050619840722151,-0.0046790067903078,-0.8975545525575837,0.4408495303341773,0.4411133358440122,0.5094980130806397,0.0746230760402939,-0.0233843524007844,-0.0253131141590738,0.6436676991833907,1.1921873356502548,-0.4529159303687284
1779487391021711872,15.233905792236328,9.487909317016602,0.0706943273544311,-0.0068597496231759,-0.004022791290357,-0.8829130633898905,0.4694691507232617,0.059133258413325,0.007883161951163,0.0375040714043113,0.0366467736600254,-0.0786740755270602,0.6973501902060214,1.1921873356502548,-0.4529159303687284
1779487391123686912,15.259342193603516,9.536561965942385,0.0557535886764526,-0.0096654734304017,-0.0073123223763707,-0.8656020085589559,0.5005859280318729,0.24915293030415,0.4765591591330427,-0.1463465200438649,-0.016419023313818,-0.0207993681500451,0.702803370645604,1.1921873356502548,-0.4529159303687284
1779487391224214528,15.307347297668455,9.575264930725098,0.0593605637550354,-0.0112414751153713,-0.0067733285780127,-0.8473055311663966,0.5309435827957951,0.4757107320433051,0.3835303780223981,0.0357436316099497,0.0603236588087557,-0.0679911952363161,0.6383094163171613,1.1921873356502548,-0.4529159303687284
1779487391321962240,15.33402156829834,9.652303695678713,0.062940776348114,-0.0126917482630189,-0.0106663536087626,-0.8303322068993623,0.5570220593588334,0.273917684205867,0.7911099194792328,0.0367651493106668,0.0001771463277368,0.0177119023298423,0.7090070981887471,1.1921873356502548,-0.4529159303687284
1779487391421783040,15.326411247253418,9.651126861572266,0.0587489008903503,-0.0123227128719416,-0.0097265206071385,-0.8101345485594997,0.5860337522486655,-0.0763079354831728,-0.0117999990458941,-0.0420315201022915,-0.0074956611107659,0.0163767885156627,0.6484181458642341,1.1921873356502548,-0.4529159303687284
1779487391521730304,15.351682662963867,9.69551944732666,0.062892735004425,-0.0121882615829797,-0.0085419744080579,-0.7907817880435957,0.6119171877397879,0.2534297616533893,0.4451829116269904,0.0415556810862365,0.039817713298105,-0.0735781114969686,0.6542631035110489,1.1921873356502548,-0.4529159303687284
1779487391623438336,15.375300407409668,9.787304878234863,0.055117130279541,-0.0141954079235445,-0.0120399189115772,-0.7698075728093339,0.6380045701967101,0.2310110757974056,0.8977762963474868,-0.0760551379744573,-0.0342541748114762,-0.0045228391355281,0.7329049628184756,1.1921873356502548,-0.4529159303687284
1779487391720590592,15.374147415161133,9.84413242340088,0.0541471242904663,-0.0158502285048495,-0.0103816232898212,-0.7465568445387614,0.6650517799589295,-0.0118331230711228,0.5832193031944302,-0.0099551408632884,-0.0008662239348841,-0.0055778469970055,0.7005586526796808,1.1921873356502548,-0.4529159303687284
1779487391820859392,15.387702941894531,9.8319730758667,0.0621776580810546,-0.0164397098762905,-0.0099742305328572,-0.7228597789601565,0.6907271462930455,0.1358669134252823,-0.1218730228065533,0.0804899625623869,0.0198668378797971,0.0197249912976027,0.7199605053434115,1.1921873356502548,-0.4529159303687284
1779487391920169472,15.402093887329102,9.897777557373049,0.0578175783157348,-0.01540112325196,-0.0094192407623992,-0.6978256519627465,0.7160401125417525,0.1455357287935443,0.6654811678252717,-0.0440935162410858,-0.0506432004774912,0.0494562855519689,0.6819490402299577,1.1921873356502548,-0.4529159303687284
1779487392020720128,15.394258499145508,9.964619636535645,0.0630151629447937,-0.0158010944376976,-0.0053476267132084,-0.6730419118678501,0.7394161975317933,-0.0782751307923124,0.6677489827291123,0.0519236069880449,0.0527062301487276,-0.0021792778334214,0.672132057102513,1.1921873356502548,-0.4529159303687284
1779487392120815616,15.390328407287598,9.973546981811523,0.048534095287323,-0.0140802347259419,-0.0066803705592272,-0.6475498778195347,0.761863685560061,-0.0389221839330374,0.088413143362573,-0.1434151666904166,0.0087841383125025,0.0032824646588843,0.7035412643942405,1.1921873356502548,-0.4529159303687284
1779487392220859648,15.385780334472656,10.024372100830078,0.0562012195587158,-0.013865603538278,-0.0063402761074039,-0.6203461395638056,0.7841799621679226,-0.045467808017094,0.5081068065554648,0.0766494620028158,0.0586993443272908,0.0647535064698363,0.6386248803367847,1.1921873356502548,-0.4529159303687284
1779487392321487872,15.371378898620604,10.07550811767578,0.0596341490745544,-0.0097296076969759,-0.0051700001770983,-0.5948782002853297,0.8037403390756985,-0.1432515725468904,0.5086516998850584,0.0341474667275269,0.0674161879049553,0.0099777517958941,0.6654475503985492,1.1921873356502548,-0.4529159303687284
1779487392421619968,15.349960327148438,10.162468910217283,0.0515230894088745,-0.0068839614198933,-0.0064503980731215,-0.5677308030727611,0.8231602144675272,-0.2136808126033973,0.8675579899924658,-0.0809193938395601,-0.0666020678767016,0.0544866372942275,0.6498637733341859,1.1921873356502548,-0.4529159303687284
1779487392522358784,15.356246948242188,10.146084785461426,0.0466164350509643,-0.0082846855690201,-0.0020891260402688,-0.5407128811337449,0.8411638245392243,0.0628411147099105,-0.1637758420382679,-0.049046956186664,0.0117815030690571,0.0425478626512754,0.6243692699139136,1.1921873356502548,-0.4529159303687284
1779487392622988032,15.336294174194336,10.20069980621338,0.0514979362487793,-0.0066808891142218,-0.0003376405411671,-0.5138819861025176,0.8578348069872429,-0.197119663589745,0.5395587847460817,0.0482258693261666,0.0175489358336309,-0.0463195626434941,0.6758288330765584,1.1921873356502548,-0.4529159303687284
1779487392722042368,15.288376808166504,10.272643089294434,0.0425025224685668,-0.007120806656055,-0.0025238033489548,-0.4849251153218576,0.8745230454706759,-0.484676483198573,0.7276947863376246,-0.0909871697325134,-0.0317559527317218,0.0611117466009761,0.686711265174168,1.1921873356502548,-0.4529159303687284
1779487392822627072,15.288067817687988,10.295578956604004,0.0525113344192504,-0.0071099517452964,0.0011900688670321,-0.4544215908975733,0.8907575708622351,-0.0030678905840451,0.2277245942786568,0.0993750360480042,0.0343316893254648,-0.0938450138180077,0.7051135353680059,1.1921873356502548,-0.4529159303687284
1779487392921526528,15.262842178344728,10.33764362335205,0.0498393177986145,-0.0076614357961171,-0.0034749523299483,-0.4230021125014587,0.906089642324174,-0.2546245237235039,0.4245956104644932,-0.0269710095412294,0.0396715407445979,-0.0241868767081887,0.7507858105580965,1.1921873356502548,-0.4529159303687284
1779487393020581120,15.204750061035156,10.386164665222168,0.0421388745307922,-0.0065020346481275,-0.0051178665284424,-0.3887117780811615,0.9213222479505276,-0.5814406554347783,0.4856443127558632,-0.0770732930411419,0.0273473110115099,-0.0511361627481726,0.7088066744092754,1.1921873356502548,-0.4529159303687284
1779487393120796416,15.17196559906006,10.440092086791992,0.0410453677177429,-0.0064140898780703,-0.0077510275189319,-0.3560446894607132,0.9344147687886044,-0.3303095215243652,0.5433287521784415,-0.0110172835069341,0.0049263235033695,0.0125200522157944,0.6821979722276664,1.1921873356502548,-0.4529159303687284
1779487393220891392,15.17559051513672,10.442405700683594,0.0509630441665649,-0.006221341500493,-0.007029172989648,-0.323908319604948,0.946041905059028,0.0361766454043767,0.0230898557619095,0.0989783643363532,0.0652213898239471,-0.1184206207718404,0.6555141673883815,1.1921873356502548,-0.4529159303687284
1779487393327139072,15.132780075073242,10.422901153564451,0.0374587774276733,-0.0052224925239904,-0.0138786799557003,-0.2907111576523299,0.9566959447133484,-0.4030335230014957,-0.1836231145561726,-0.1271342268674967,-0.0057778390048036,0.0331750545307359,0.7695924218334523,1.1921873356502548,-0.4529159303687284
1779487393424798208,15.05882453918457,10.510951042175291,0.0459707379341125,-0.0055382369573585,-0.0120472234082962,-0.2546924196003023,0.9669312094134196,-0.7597418830581091,0.9045325325876364,0.0874429861939374,-0.0461689794215687,0.0201659927390127,0.6808493319021058,1.1921873356502548,-0.4529159303687284
1779487393520514816,15.078611373901367,10.522912979125977,0.0539075136184692,-0.0078224910078523,-0.010361434245084,-0.2230263437928314,0.974725961124058,0.2063268913954168,0.1247328994974317,0.0827605970380865,0.0264010995704323,-0.0035904008915854,0.6972027755247803,1.1921873356502548,-0.4529159303687284
1779487393621562368,15.022991180419922,10.552629470825195,0.0374450087547302,-0.0069226390117282,-0.0105538055112771,-0.1885274469506941,0.981986810504396,-0.5501626454101713,0.2939382742529567,-0.1628375354165905,-0.0445356238043727,-0.0093042917406411,0.7064128412246491,1.1921873356502548,-0.4529159303687284
1779487393721515008,14.97225570678711,10.577683448791504,0.0469871759414672,-0.0095561922689912,-0.0103404799764047,-0.1538675783420078,0.9879911548178666,-0.5090344686296432,0.2513692579956646,0.0957375905984354,0.0351097812083991,-0.0220828603933316,0.7206785038826721,1.1921873356502548,-0.4529159303687284
1779487393821725440,14.88858127593994,10.608549118041992,0.0436034798622131,-0.008352052084453,-0.0113553937070203,-0.1179587452709179,0.9929184421058196,-0.8324099167386694,0.3070578301011755,-0.0336616830623621,-0.0377053318662204,0.0621409158833431,0.7153549683238304,1.1921873356502548,-0.4529159303687284
1779487393921491968,14.898591995239258,10.604265213012695,0.0526220202445983,-0.010258829155352,-0.0077407357539652,-0.0824040157317817,0.99651613916967,0.1000536602827504,-0.042816141944376,0.0901371768287477,0.0371059892227903,-0.0024997053803505,0.7323492892075675,1.1921873356502548,-0.4529159303687284
1779487394021439232,14.850311279296877,10.623576164245604,0.0378642678260803,-0.0086975496308166,-0.007637361804054,-0.045859611885436,0.9988808333994652,-0.4829171872754377,0.1931535204270599,-0.1476111559108396,0.009842533768852,0.0599036925935854,0.7114685330674313,1.1921873356502548,-0.4529159303687284
1779487394121696000,14.757454872131348,10.630962371826172,0.0429226160049438,-0.008340521796202,-0.0044052972884443,-0.0108757961517751,0.9998963676851876,-0.943135132192751,0.0750211221341199,0.0513772395893486,0.0146108838121811,0.0848938820015992,0.7600356221491278,1.1921873356502548,-0.4529159303687284
1779487394221251328,14.754231452941896,10.62583351135254,0.0437886714935302,-0.0077183807375209,0.0002011908781106,0.0275143205641309,0.9995915907433974,-0.0318766027154113,-0.05071963591819,0.0085644792428795,-0.0387364747289092,0.0677304249330386,0.7144380666239338,1.1921873356502548,-0.4529159303687284
1779487394321301504,14.72773551940918,10.63323974609375,0.0493525862693786,-0.0097254788659589,0.0037908021479478,0.0630020070774356,0.9979588127694038,-0.2662180996925662,0.0744142015697537,0.0559034772882742,-0.0183466379461493,0.0447554390608367,0.6896151664281002,1.1921873356502548,-0.4529159303687284
1779487394421260288,14.67213535308838,10.63555145263672,0.0467101335525512,-0.0106418559250571,0.0062895696031627,0.0972233618984026,0.9951858168793654,-0.5580560236860712,0.0232024802561711,-0.0265221626752484,0.0102428712855641,0.0197827984316407,0.6898485150200252,1.1921873356502548,-0.4529159303687284
1779487394523039488,14.582423210144045,10.610169410705566,0.0497340559959411,-0.0099867874501032,0.0077266498607115,0.1324495550421432,0.9911093170420175,-0.8721551848944034,-0.2467567794829865,0.0293976885532367,-0.0050454344010424,0.0077573242932707,0.8031689154922602,1.1921873356502548,-0.4529159303687284
1779487394620688384,14.576473236083984,10.623519897460938,0.0359463691711425,-0.0099704885734791,0.0084531751284728,0.1711093533614959,0.9851653274349764,-0.0610780361444646,0.1370462298423401,-0.1415342026256352,-0.0143183987507724,-0.0003598172071911,0.7500513520708308,1.1921873356502548,-0.4529159303687284
1779487394720792576,14.5317964553833,10.613442420959473,0.0473917126655578,-0.0103490015182349,0.0086811144373817,0.2079734571304093,0.978041194198346,-0.4462731221764296,-0.1006631818908005,0.1143267060770169,0.0324165827381427,-0.0527385698369525,0.7142266498827561,1.1921873356502548,-0.4529159303687284
1779487394820484096,14.470010757446287,10.591946601867676,0.0534343123435974,-0.007901539662602,0.0068053631739099,0.2427399310203513,0.9700353491452084,-0.6184427683601226,-0.2151619923570649,0.0604832865493969,0.0407562584725857,-0.0925944643861292,0.7494944555413834,1.1921873356502548,-0.4529159303687284
1779487394925208832,14.408769607543944,10.562507629394531,0.0446825623512268,-0.0043902788925112,0.0029349739197929,0.2805455460899779,0.9598261863214672,-0.5861389685892142,-0.2817603684654985,-0.083762988155166,0.0477466124172509,0.0233962579499304,0.8114951533256916,1.1921873356502548,-0.4529159303687284
1779487395020206848,14.407794952392578,10.561009407043455,0.0431400537490844,-0.0023998390185223,0.0048133833174552,0.3174871126372555,0.9482473334647364,-0.0102108734197356,-0.0156959707851318,-0.0161599310927922,-0.0066166368401978,-0.0203768706943853,0.7103566408268254,1.1921873356502548,-0.4529159303687284
1779487395120753152,14.364143371582031,10.54847240447998,0.0500335097312927,-0.0022174397438489,0.0038235475286541,0.3509999470622348,0.9363650466605354,-0.436035819874299,-0.1252321700617743,0.0688587600988627,0.0068574884956642,0.0102287627008419,0.74632538409155,1.1921873356502548,-0.4529159303687284
1779487395220622592,14.312968254089355,10.502036094665527,0.0495619177818298,-0.0019319908209529,0.0045021246381227,0.3856565662925883,0.9226294007675137,-0.512198303558026,-0.4647688227362032,-0.0047200399006623,-0.0252789636894704,-0.0377742165342041,0.7049384973532441,1.1921873356502548,-0.4529159303687284
1779487395321146368,14.299453735351562,10.52715015411377,0.0390521883964538,-0.0022111408504114,0.0023273574323868,0.418093337242345,0.9083984013730322,-0.1344947920827146,0.2499319634963098,-0.1045915060651708,-0.0278844551070505,0.0050356350245968,0.670385226724678,1.1921873356502548,-0.4529159303687284
1779487395421381888,14.262991905212402,10.49560832977295,0.0428597331047058,-0.0035079269727625,0.0020450324122715,0.4484085127117,0.8938195108736817,-0.3633495429230902,-0.3143206858639993,0.0379429563497616,0.0237103486265444,0.0423683609271037,0.7192697842752148,1.8111666278877785,-0.6287281113880956
1779487395521352448,14.235466003417969,10.476563453674316,0.0453212261199951,-0.0033227151309775,0.0045903785168799,0.4801956535850059,0.8771431025022652,-0.2756930691127807,-0.1907490763324059,0.0246537450090741,-0.0121591888245842,0.0077157110363719,0.6121900189758038,1.8111666278877785,-0.6287281113880956
1779487395622356224,14.185148239135742,10.446954727172852,0.0418419241905212,-0.0039048872249788,0.0047378135473093,0.5070835566170596,0.8618750324653478,-0.4981417091020589,-0.2931239460689819,-0.0344448016392177,-0.0112898393837865,0.0005748586950998,0.5835745129275213,1.8111666278877785,-0.6287281113880956
1779487395721533696,14.180706024169922,10.424508094787598,0.0549463629722595,-0.004263081120543,0.0045895262259065,0.5318125432242177,0.8468389346609962,-0.0447891772585579,-0.2263209242453152,0.132127111358919,-0.0183486378243648,-0.0090335040277781,0.7904055940826181,1.8111666278877785,-0.6287281113880956
1779487395821168384,14.160401344299316,10.372055053710938,0.0418595075607299,-0.0046096651609401,0.0038950277190954,0.5643633239293374,0.8255044629495356,-0.2061970944103945,-0.5326685636966845,-0.1328989956021342,-0.034856882551781,-0.0040599540972233,0.8553812608300037,1.8111666278877785,-0.6287281113880956
