model,label,metric,projected,compute_only,total_ms,compute_ms,val_ms,val_compute_ms,projected_epoch_hours,projected_trial_hours,approx_epoch_hours,approx_trial_hours,data_path_share_pct,gpu_duty_cycle_pct,loader_ms,h2d_ms,forward_ms,backward_ms,optimizer_ms
multirun-ar-mlp-det,AR-MLP-det,trial_hours,2.331391568647491,2.3015765976091775,32.222786359488964,31.834782970448334,9.154167957603931,8.82311724126339,0.005828478921618727,2.331391568647491,0.0057539414940229435,2.3015765976091775,1.2788487116134672,98.79587263276389,0.3614936023950577,0.026509786645571392,14.39210462073485,17.126669486363728,0.3160088633497556
multirun-ar-mlp-prob,AR-MLP-prob,trial_hours,4.299836245834551,4.263571010212655,59.65796348949273,59.187485215564564,14.850017614662647,14.434308744966984,0.010749590614586376,4.299836245834551,0.010658927525531638,4.263571010212655,0.8434096916371536,99.21137389476759,0.440733569363753,0.029744704564412434,24.077855547269184,34.72497835755348,0.3846513107419014
multirun-gru,AR-GRU,trial_hours,4.312221542821713,4.276165894191298,60.014421989520386,59.547045826911926,13.252022676169872,12.835311703383923,0.010780553857054283,4.312221542821713,0.010690414735478245,4.276165894191298,0.8361270002566257,99.22122691993923,0.43717709680398303,0.030199065804481506,19.229041909178097,39.968603352705635,0.3494005650281906
multirun-lstm,AR-LSTM,trial_hours,4.477057887089473,4.441046925247819,62.23789372791847,61.7717885101835,14.386056922376156,13.963715173304081,0.011192644717723682,4.477057887089473,0.011102617313119548,4.441046925247819,0.8043443428663144,99.25109095148268,0.43578390032052994,0.0303213174144427,19.51381725569566,41.90111340334018,0.3568578511476517
multirun-e2e-tcn-F500,E2E-TCN-F500-bf16,trial_hours,10.174723650432295,10.06932368097758,139.50344361364841,138.14079475899538,49.9414075165987,48.691149801015854,0.025436809126080737,10.174723650432295,0.025173309202443952,10.06932368097758,1.0359000703693444,99.02321489752836,1.3313529392083485,0.03129591544469198,50.43683350086212,87.23176183799903,0.4721994201342265
multirun-m3-F500,M3-F500-bf16,trial_hours,9.609155747701449,9.509030278503067,130.29092711706957,128.99757027626038,60.12431997805834,58.92684031277895,0.024022889369253623,9.609155747701449,0.023772575696257667,9.509030278503067,1.0419798765602506,99.00733161592512,1.2632063900430996,0.03015045076608658,61.70272169013818,66.96248395989339,0.33236462622880936
multirun-tcn,AR-TCN,trial_hours,23.56312228557826,23.52584271851789,325.9971481437484,325.51461501667893,89.63239565491676,89.19524494558573,0.058907805713945646,23.56312228557826,0.05881460679629472,23.52584271851789,0.1582114908565746,99.8519824084913,0.4524225989977519,0.030110528071721394,88.59183508902788,236.53597372273603,0.3868062049150467
multirun-tcn-bf16,AR-TCN-bf16,trial_hours,5.264252349334182,5.227087807634638,72.30462332566579,71.82224653661251,24.704983457922935,24.281024001538754,0.013160630873335456,5.264252349334182,0.013067719519086597,5.227087807634638,0.705979486417363,99.33285484818776,0.4520217577616374,0.03035503129164378,30.359588811794918,41.088344963888325,0.37431276092926663
multirun-DMtm-Pro-MS+no-enf-continuity,DMtm-Pro-MS,trial_hours,7.072944284878948,7.0355948906460855,100.38939254979293,99.90450578431289,4.377350211143494,3.952265717089176,0.017682360712197368,7.072944284878948,0.017588987226615213,7.0355948906460855,0.5280600656322187,99.51699402380632,0.452582910656929,0.03230385482311249,49.64592903852463,49.85053464770317,0.40804209808508557
multirun-DMtm-Pro-MS+CP+no-enf-continuity,DMtm-Pro-MS+CP,trial_hours,12.928383808714095,12.890613185352196,181.36002427587906,180.8721842865149,27.003929018974304,26.55169554054737,0.032320959521785236,12.928383808714095,0.03222653296338049,12.890613185352196,0.2921527077223707,99.73101018743685,0.45537731299797696,0.03246267636617025,82.98819605261087,97.4180344492197,0.4659537846843402
multirun-tcn+cudagraph,AR-TCN-cg,trial_hours,22.962214304665444,22.92635284444248,317.44888716687757,316.9864767541488,89.4321259111166,88.99589814245701,0.057405535761663615,22.962214304665444,0.0573158821111062,22.92635284444248,0.15617596694791347,99.85433547527741,0.4339879999558131,0.028422412772973377,316.9864767541488,0.0,0.0
multirun-tcn-bf16+cudagraph,AR-TCN-bf16-cg,trial_hours,3.64139932560286,3.6052000570283447,49.08839805672566,48.620177494982876,25.32133460044861,24.893922731280327,0.00910349831400715,3.64139932560286,0.009013000142570862,3.6052000570283447,0.9941032371812764,99.0461685850866,0.43995088587204617,0.02826967587073644,48.620177494982876,0.0,0.0
multirun-DMtm-Pro-MS+cudagraph,DMtm-Pro-MS-cg,trial_hours,1.9435063388129628,1.9073703633828296,27.220528324445088,26.753956638276577,4.44230530411005,4.008262418210506,0.004858765847032407,1.9435063388129628,0.004768425908457074,1.9073703633828296,1.8593186298637931,98.28595653762711,0.4369864861170451,0.029585200051466625,26.753956638276577,0.0,0.0
multirun-DMtm-Pro-MS+CP+cudagraph,DMtm-Pro-MS+CP-cg,trial_hours,3.625213445405717,3.587774705445325,48.585303438206516,48.10406075169643,27.740768156945705,27.27197203785181,0.009063033613514293,3.625213445405717,0.008969436763613312,3.587774705445325,1.0327320176923394,99.00948918200716,0.4507228111227353,0.03051987538735072,48.10406075169643,0.0,0.0
